,Final_Posts_Links
0,https://www.sothebys.com/en/buy/auction/2021/contemporary-art-online-2
1,https://www.sothebys.com/en/buy/auction/2021/artcrush-2021-art-auction-to-benefit-the-aspen-art-museum-2
2,https://www.sothebys.com/en/buy/auction/2021/eclectic-new-york
3,https://www.sothebys.com/en/buy/auction/2021/contemporary-realism-important-21st-century-works-hosted-by-sothebys
4,https://www.sothebys.com/en/buy/auction/2021/contemporary-art-online-new-york-3
5,https://www.sothebys.com/en/buy/auction/2021/eclectic
6,https://www.sothebys.com/en/buy/auction/2021/contemporary-curated-milan
7,https://www.sothebys.com/en/buy/auction/2021/contemporary-curated-4
8,https://www.sothebys.com/en/buy/auction/2021/jay-z-x-derrick-adams-heir-to-the-throne-an-nft
9,https://www.sothebys.com/en/buy/auction/2021/contemporary-art-day-auction-3
10,https://www.sothebys.com/en/buy/auction/2021/sealed-cryptopunks-five-punks-on-paper
11,https://www.sothebys.com/en/buy/auction/2021/doha-paris-un-decor-princier
12,https://www.sothebys.com/en/buy/auction/2021/modern-contemporary-art-evening-sale
13,https://www.sothebys.com/en/buy/auction/2021/british-art-modern-contemporary
14,https://www.sothebys.com/en/buy/auction/2021/contemporary-curated-asia-jay-chou-x-sothebys-day-sale
15,https://www.sothebys.com/en/buy/auction/2021/contemporary-curated-asia-jay-chou-x-sothebys-evening-sale
16,https://www.sothebys.com/en/buy/auction/2021/the-swiss-fine-art-sale
17,https://www.sothebys.com/en/buy/auction/2021/natively-digital-a-curated-nft-sale-2
18,https://www.sothebys.com/en/buy/auction/2021/natively-digital-cryptopunk-7523
19,https://www.sothebys.com/en/buy/auction/2021/art-contemporain-day-sale
20,https://www.sothebys.com/en/buy/auction/2021/art-contemporain-evening-sale
21,https://www.sothebys.com/en/buy/auction/2021/absolument-moderne-collection-rambaud
22,https://www.sothebys.com/en/buy/auction/2021/the-artists-eye-the-collection-of-tom-levine
23,https://www.sothebys.com/en/buy/auction/2021/contemporary-art-milan
24,https://www.sothebys.com/en/buy/auction/2021/women-artists
25,https://www.sothebys.com/en/buy/auction/2021/contemporary-art-online
26,https://www.sothebys.com/en/buy/auction/2021/contemporary-showcase-kawaii-pop
27,https://www.sothebys.com/en/buy/auction/2021/contemporary-art-day-auction-2
28,https://www.sothebys.com/en/buy/auction/2021/contemporary-art-evening-auction
29,https://www.sothebys.com/en/buy/auction/2021/american-visionary-the-collection-of-mrs-john-l-marion
30,https://www.sothebys.com/en/buy/auction/2021/daniel-cordier-collection-privee
31,https://www.sothebys.com/en/buy/auction/2021/a-vision-of-luxury-the-collection-of-michelle-smith-online
32,https://www.sothebys.com/en/buy/auction/2021/a-vision-the-collection-of-michelle-smith
33,https://www.sothebys.com/en/buy/auction/2021/contemporary-art-day-sale
34,https://www.sothebys.com/en/buy/auction/2021/contemporary-art-evening-sale
35,https://www.sothebys.com/en/buy/auction/2021/icons-masterpieces-from-across-time-and-space
36,https://www.sothebys.com/en/buy/auction/2021/contemporary-curated-3
37,https://www.sothebys.com/en/buy/auction/2021/chez-ernesto-esposito-a-rome-de-jean-prouve-a-alighiero-boetti
38,https://www.sothebys.com/en/buy/auction/2021/autour-du-purisme-une-collection-moderne
39,https://www.sothebys.com/en/buy/auction/2021/contemporary-art-day-auction
40,https://www.sothebys.com/en/buy/auction/2021/evening-sale
41,https://www.sothebys.com/en/buy/auction/2021/art-impressionniste-et-moderne-evening-sale
42,https://www.sothebys.com/en/buy/auction/2021/contemporary-art
43,https://www.sothebys.com/en/buy/auction/2021/collection-pierre-le-tan-part-ii
44,https://www.sothebys.com/en/buy/auction/2021/thinking-in-four-dimensions-leading-women-sculptors
45,https://www.sothebys.com/en/buy/auction/2021/collection-pierre-le-tan-part-i
46,https://www.sothebys.com/en/buy/auction/2021/made-in-britain
47,https://www.sothebys.com/en/buy/auction/2021/keith-harings-greatest-hits-the-pop-shop-drawings
48,https://www.sothebys.com/en/buy/auction/2021/contemporary-curated-2
49,https://www.sothebys.com/en/buy/auction/2021/now
50,https://www.sothebys.com/en/buy/auction/2021/contemporary-art-london
51,https://www.sothebys.com/en/buy/auction/2021/unwrapped-the-hidden-world-of-christo-and-jeanne-claude-part-ii
52,https://www.sothebys.com/en/buy/auction/2021/unwrapped-the-hidden-world-of-christo-and-jeanne-claude
53,https://www.sothebys.com/en/buy/auction/2021/80th-anniversary-charity-art-auction-to-benefit-the-norton-museum-of-art-west-palm-beach-fl
54,https://www.sothebys.com/en/buy/auction/2021/a-mayfair-pied-a-terre-an-interior-by-alidad
55,https://www.sothebys.com/en/buy/auction/2021/fearless-the-collection-of-hester-diamond-part-ii
56,https://www.sothebys.com/en/buy/auction/2021/the-collection-of-hester-diamond-part-i
57,https://www.sothebys.com/en/buy/auction/2021/contemporary-art-hong-kong
58,https://www.sothebys.com/en/buy/auction/2020/contemporary-art-2
59,https://www.sothebys.com/en/buy/auction/2020/collection-theodor-ahrenberg-du-nouveau-realisme-a-lart-transformable
60,https://www.sothebys.com/en/buy/auction/2020/the-hoarder-part-ii
61,https://www.sothebys.com/en/buy/auction/2020/contemporary-curated-milan
62,https://www.sothebys.com/en/buy/auction/2020/art-contemporain-evening-sale-2
63,https://www.sothebys.com/en/buy/auction/2020/to-beirut-with-love
64,https://www.sothebys.com/en/buy/auction/2020/from-anker-to-zao-wou-ki
65,https://www.sothebys.com/en/buy/auction/2020/society-for-contemporary-art-collectors-sale
66,https://www.sothebys.com/en/buy/auction/2020/art-contemporain-online-sale
67,https://www.sothebys.com/en/buy/auction/2020/the-art-of-giving-the-luxury-wish-list
68,https://www.sothebys.com/en/buy/auction/2020/contemporary-art-london-3
69,https://www.sothebys.com/en/buy/auction/2020/impressionist-modern-contemporary-art-an-evening-sale
70,https://www.sothebys.com/en/buy/auction/2020/contemporary-art-milan-2
71,https://www.sothebys.com/en/buy/auction/2020/contemporary-curated-5
72,https://www.sothebys.com/en/buy/auction/2020/true-connoisseurship-the-collection-of-ezra-cecile-zilkha
73,https://www.sothebys.com/en/buy/auction/2020/property-from-the-collection-of-nelson-rockefeller-eastern-traditions-western-visions
74,https://www.sothebys.com/en/buy/auction/2020/contemporary-art-day-an-online-auction-2
75,https://www.sothebys.com/en/buy/auction/2020/heaven
76,https://www.sothebys.com/en/buy/auction/2020/contemporary-art-day-auction-2
77,https://www.sothebys.com/en/buy/auction/2020/contemporary-art-paris
78,https://www.sothebys.com/en/buy/auction/2020/contemporary-art-evening-auction-3
79,https://www.sothebys.com/en/buy/auction/2020/collection-claude-et-jacques-rohault-de-fleury
80,https://www.sothebys.com/en/buy/auction/2020/contemporary-art-day-sale-3
81,https://www.sothebys.com/en/buy/auction/2020/contemporary-art-evening-auction-2
82,https://www.sothebys.com/en/buy/auction/2020/modernites
83,https://www.sothebys.com/en/buy/auction/2020/prada-tools-of-memory
84,https://www.sothebys.com/en/buy/auction/2020/contemporary-art-day-sale-2
85,https://www.sothebys.com/en/buy/auction/2020/contemporary-art
86,https://www.sothebys.com/en/buy/auction/2020/contemporary-art-evening-sale
87,https://www.sothebys.com/en/buy/auction/2020/choice-works
88,https://www.sothebys.com/en/buy/auction/2020/contemporary-curated-3
89,https://www.sothebys.com/en/buy/auction/2020/dear-keith-works-from-the-personal-collection-of-keith-haring
90,https://www.sothebys.com/en/buy/auction/2020/contemporary-art-hong-kong
91,https://www.sothebys.com/en/buy/auction/2020/contemporary-art-london-2
92,https://www.sothebys.com/en/buy/auction/2020/contemporary-art-london
93,https://www.sothebys.com/en/buy/auction/2020/evening-sale-london
94,https://www.sothebys.com/en/buy/auction/2020/contemporary-art-online-new-york-2
95,https://www.sothebys.com/en/buy/auction/2020/the-ginny-williams-collection-part-ii
96,https://www.sothebys.com/en/buy/auction/2020/contemporary-art-day-sale
97,https://www.sothebys.com/en/buy/auction/2020/contemporary-art-day-auction
98,https://www.sothebys.com/en/buy/auction/2020/swiss-made-unlocked
99,https://www.sothebys.com/en/buy/auction/2020/contemporary-art-evening-auction
100,https://www.sothebys.com/en/buy/auction/2020/the-ginny-williams-collection-evening-sale
101,https://www.sothebys.com/en/buy/auction/2020/american-art
102,https://www.sothebys.com/en/buy/auction/2020/this-too-shall-pass
103,https://www.sothebys.com/en/buy/auction/2020/art-contemporain-evening-sale
104,https://www.sothebys.com/en/buy/auction/2020/art-contemporain-day-sale
105,https://www.sothebys.com/en/buy/auction/2020/oeuvres-sur-papier-2
106,https://www.sothebys.com/en/buy/auction/2020/contemporary-art-milan
107,https://www.sothebys.com/en/buy/auction/2020/contemporary-showcase-meet-allrightsreserved
108,https://www.sothebys.com/en/buy/auction/2020/contemporary-showcase-time-goes-on
109,https://www.sothebys.com/en/buy/auction/2020/contemporary-art-online-paris
110,https://www.sothebys.com/en/buy/auction/2020/contemporary-showcase-summer-lovin
111,https://www.sothebys.com/en/buy/auction/2020/i-have-to-stay-at-home
112,https://www.sothebys.com/en/buy/auction/2020/contemporary-showcase-cheer-up
113,https://www.sothebys.com/en/buy/auction/2020/eclectic-london
114,https://www.sothebys.com/en/buy/auction/2020/contemporary-art-day-an-online-auction
115,https://www.sothebys.com/en/buy/auction/2020/contemporary-showcase-another-world
116,https://www.sothebys.com/en/buy/auction/2020/eclectic-new-york
117,https://www.sothebys.com/en/buy/auction/2020/take-a-seat
118,https://www.sothebys.com/en/buy/auction/2020/contemporary-curated
119,https://www.sothebys.com/en/buy/auction/2020/contemporary-art-online-hong-kong
120,https://www.sothebys.com/en/buy/auction/2020/contemporary-art-online-london
121,https://www.sothebys.com/en/buy/auction/2020/joseph-h-hirshhorn-collector-for-a-nation-an-online-sale
122,https://www.sothebys.com/en/buy/auction/2020/contemporary-art-online-new-york
123,https://www.sothebys.com/en/buy/auction/2020/now
124,https://www.sothebys.com/en/buy/auction/2020/erotic-online
125,https://www.sothebys.com/en/buy/auction/2020/contemporary-art-online-milan
126,https://www.sothebys.com/en/buy/auction/2019/the-hoarder-sale
127,https://www.sothebys.com/en/buy/auction/2019/contemporary-art-online-paris-2
128,https://www.sothebys.com/en/buy/auction/2019/contemporary-art-online-new-york-2
129,https://www.sothebys.com/en/buy/auction/2019/contemporary-art-online-4
130,https://www.sothebys.com/en/buy/auction/2019/contemporary-curated
131,https://www.sothebys.com/en/buy/auction/2019/gold-the-midas-touch
132,https://www.sothebys.com/en/buy/auction/2019/contemporary-art-online-hong-kong
133,https://www.sothebys.com/en/buy/auction/2019/contemporary-art-online-new-york
134,https://www.sothebys.com/en/buy/auction/2019/banksy-online
135,https://www.sothebys.com/en/buy/auction/2019/contemporary-art-online-london
136,https://www.sothebys.com/en/buy/auction/2019/contemporary-art-online-3
137,https://www.sothebys.com/en/buy/auction/2019/colossal-monumental-works-from-the-1980s
138,https://www.sothebys.com/en/buy/auction/2019/chateau-daunoy-du-xviiie-siecle-au-design-online
139,https://www.sothebys.com/en/buy/auction/2019/bent
140,https://www.sothebys.com/en/buy/auction/2019/contemporary-art-online-milan
141,https://www.sothebys.com/en/buy/auction/2019/contemporary-art-online-paris
142,https://www.sothebys.com/en/buy/auction/2019/the-supreme-vault-1998-2018
143,https://www.sothebys.com/en/buy/auction/2019/contemporary-art-online-2
144,https://www.sothebys.com/en/buy/auction/2019/contemporary-online
145,https://www.sothebys.com/en/buy/auction/2019/collection-marianne-et-pierre-nahon-lart-cest-la-vie-online
146,https://www.sothebys.com/en/buy/auction/2019/the-form-of-ideas-contemporary-art-online
147,https://www.sothebys.com/en/buy/auction/2019/contemporary-art-online
148,https://www.sothebys.com/en/buy/auction/2019/now-online
149,https://www.sothebys.com/en/buy/auction/2019/erotic-passion-desire-online
150,https://www.sothebys.com/en/buy/auction/2018/a-life-of-discovery-works-from-the-allan-stone-collection-contemporary-art-online
151,https://www.sothebys.com/en/buy/auction/2018/red-online
152,https://www.sothebys.com/en/buy/auction/2018/lady-blue-eyes-property-of-barbara-and-frank-sinatra-online
153,https://www.sothebys.com/en/buy/auction/2018/original-mickey-film-posters-celebrating-90-years-of-mickey-mouse
154,https://www.sothebys.com/en/buy/auction/2018/contemporary-chinese-art-online-no-reserve
155,https://www.sothebys.com/en/buy/auction/2018/contemporary-art-online-jan-schoonhoven
