,Page_links
0,https://www.sothebys.com/en/auctions/2020/contemporary-art-evening-sale-hk0927.html?p=4
,Page_links
0,https://www.sothebys.com/en/auctions/2020/eye-east-hk1000.html?p=20
,Page_links
0,https://www.sothebys.com/en/auctions/2020/manga-selling-exhibition-hk0960.html?p=8
,Page_links
0,https://www.sothebys.com/en/auctions/2020/contemporary-curated-n10321.html?p=22
,Page_links
0,Page Deleted
,Page_links
0,https://www.sothebys.com/en/auctions/2020/andy-warhol-heaven-hell-are-just-one-breath-away-ls2001.html?p=2
,Page_links
0,Page Deleted
,Page_links
0,https://www.sothebys.com/en/auctions/2019/contemporary-art-day-l20021.html?p=12
,Page_links
0,https://www.sothebys.com/en/auctions/2019/contemporary-art-eve-l20020.html?p=4
,Page_links
0,https://www.sothebys.com/en/auctions/2019/the-blazing-world-ls1906.html?p=3
,Page_links
0,Page Deleted
,Page_links
0,https://www.sothebys.com/en/auctions/2019/mr-doodle-invades-sothebys-hk0903.html?p=5
,Page_links
0,https://www.sothebys.com/en/auctions/2019/contemporary-day-sale-pf1935.html?p=13
,Page_links
0,https://www.sothebys.com/en/auctions/2019/contemporary-evening-sale-pf1915.html?p=3
,Page_links
0,Page Deleted
,Page_links
0,https://www.sothebys.com/en/auctions/2019/arte-contemporanea-mi0340.html?p=9
,Page_links
0,https://www.sothebys.com/en/auctions/2019/legends-warhol-basquiat-exhibition-hk0901.html?p=2
,Page_links
0,https://www.sothebys.com/en/auctions/2019/contemporary-art-day-n10150.html?p=25
,Page_links
0,https://www.sothebys.com/en/auctions/2019/contemporary-art-evening-n10149.html?p=5
,Page_links
0,https://www.sothebys.com/en/auctions/2019/huang-rui-wild-children-s2-ls1905.html?p=3
,Page_links
0,https://www.sothebys.com/en/auctions/2019/collection-lalanne-pf1934.html?p=23
,Page_links
0,https://www.sothebys.com/en/auctions/2019/modernites-pf1916.html?p=5
,Page_links
0,https://www.sothebys.com/en/auctions/2019/contemporary-art-hk0889.html?p=12
,Page_links
0,Page Deleted
,Page_links
0,https://www.sothebys.com/en/auctions/2019/contemporary-art-evening-sale-hk0885.html?p=3
,Page_links
0,https://www.sothebys.com/en/auctions/2019/contemporary-art-day-auction-l19025.html?p=18
,Page_links
0,Page Deleted
,Page_links
0,https://www.sothebys.com/en/auctions/2019/contemporary-art-evening-auction-l19024.html?p=4
,Page_links
0,https://www.sothebys.com/en/auctions/2019/so-st-germain-pf1924.html?p=20
,Page_links
0,https://www.sothebys.com/en/auctions/2019/where-were-you-at-night-ls1904.html?p=4
,Page_links
0,Page Deleted
,Page_links
0,https://www.sothebys.com/en/auctions/2019/inspired-by-chatsworth-n10201.html?p=8
,Page_links
0,Page Deleted
,Page_links
0,https://www.sothebys.com/en/auctions/2019/s2-roger-hilton-ls1903.html?p=10
,Page_links
0,https://www.sothebys.com/en/auctions/2019/contemporary-art-day-auction-l19023.html?p=17
,Page_links
0,https://www.sothebys.com/en/auctions/2019/contemporary-art-evening-auction-l19022.html?p=4
,Page_links
0,https://www.sothebys.com/en/auctions/2019/art-contemporain-day-sale-pf1925.html?p=13
,Page_links
0,https://www.sothebys.com/en/auctions/2019/art-contemporain-evening-sale-pf1905.html?p=4
,Page_links
0,https://www.sothebys.com/en/auctions/2019/flavio-de-carvalho-ls1902.html?p=4
,Page_links
0,https://www.sothebys.com/en/auctions/2019/amadeo-luciano-lorenzato-lg1902.html?p=2
,Page_links
0,https://www.sothebys.com/en/auctions/2019/contemporary-art-day-n10070.html?p=30
,Page_links
0,https://www.sothebys.com/en/auctions/2019/contemporary-art-evening-auction-n10069.html?p=6
,Page_links
0,https://www.sothebys.com/en/auctions/2019/modern-and-contemporary-mi0339.html?p=8
,Page_links
0,https://www.sothebys.com/en/auctions/2019/contemporary-art-evening-sale-hk0855.html?p=4
,Page_links
0,https://www.sothebys.com/en/auctions/2019/nigoldeneye-volume-one-hk0912.html?p=3
,Page_links
0,https://www.sothebys.com/en/auctions/2019/alex-katz-hk0849.html?p=2
,Page_links
0,https://www.sothebys.com/en/auctions/2019/contemporary-art-hk0857.html?p=13
,Page_links
0,https://www.sothebys.com/en/auctions/2019/s2-selling-exhibition-ls1901.html?p=9
,Page_links
0,https://www.sothebys.com/en/auctions/2019/oeuvres-sur-papier-pf1906.html?p=10
,Page_links
0,https://www.sothebys.com/en/auctions/2019/coll-arland-pf1946.html?p=6
,Page_links
0,https://www.sothebys.com/en/auctions/2019/coll-nahon-day-sale-pf1961.html?p=13
,Page_links
0,https://www.sothebys.com/en/auctions/2019/collection-marianne-pierre-nahon-pf1960.html?p=4
,Page_links
0,https://www.sothebys.com/en/auctions/2019/contemporary-art-day-auction-l19021.html?p=19
,Page_links
0,https://www.sothebys.com/en/auctions/2019/contemporary-art-evening-auction-l19020.html?p=6
,Page_links
0,https://www.sothebys.com/en/auctions/2019/contemporary-curated-n10027.html?p=23
,Page_links
0,https://www.sothebys.com/en/auctions/2019/by-women-for-tomorrows-women-n10041.html?p=3
,Page_links
0,https://www.sothebys.com/en/auctions/2019/fine-art-society-l19350.html?p=26
,Page_links
0,Page Deleted
,Page_links
0,https://www.sothebys.com/en/auctions/2018/jon-thompson-ls1805.html?p=2
,Page_links
0,https://www.sothebys.com/en/auctions/2018/coll-z-pf1848.html?p=5
,Page_links
0,https://www.sothebys.com/en/auctions/2018/lady-blue-eyes-property-barbara-frank-sinatra-n09963.html?p=11
,Page_links
0,https://www.sothebys.com/en/auctions/2018/art-contemporain-day-sale-pf1835.html?p=11
,Page_links
0,https://www.sothebys.com/en/auctions/2018/red-n10000.html?p=3
,Page_links
0,https://www.sothebys.com/en/auctions/2018/art-contemporain-eve-sale-pf1815.html?p=3
,Page_links
0,https://www.sothebys.com/en/auctions/2018/arte-moderna-e-contemporanea-mi0338.html?p=9
,Page_links
0,https://www.sothebys.com/en/auctions/2018/boundless-india-in1801.html?p=5
,Page_links
0,https://www.sothebys.com/en/auctions/2018/brushwork-iii-abstract-masters-hk0832.html?p=4
,Page_links
0,https://www.sothebys.com/en/auctions/2018/contemporary-curated-l18027.html?p=15
,Page_links
0,https://www.sothebys.com/en/auctions/2017/dubai-watches-db1802.html?p=10
,Page_links
0,https://www.sothebys.com/en/auctions/2018/flowers-of-evil-peng-kang-long-hk0840.html?p=3
,Page_links
0,https://www.sothebys.com/en/auctions/2018/contemporary-art-day-sale-n09933.html?p=28
,Page_links
0,Page Deleted
,Page_links
0,https://www.sothebys.com/en/auctions/2018/contemporary-art-evening-sale-n09932.html?p=5
,Page_links
0,https://www.sothebys.com/en/auctions/2018/a-modernist-vision-property-from-the-collection-of-nelson-happy-rockefeller-n09934.html?p=3
,Page_links
0,https://www.sothebys.com/en/auctions/2018/collection-pierre-berge-pf1860.html?p=82
,Page_links
0,https://www.sothebys.com/en/auctions/2018/seeger-cone-collection-l18320.html?p=20
,Page_links
0,Page Deleted
,Page_links
0,https://www.sothebys.com/en/auctions/2018/french-cancan-pf1865.html?p=3
,Page_links
0,https://www.sothebys.com/en/auctions/2018/coll-mairlot-pf1866.html?p=4
,Page_links
0,https://www.sothebys.com/en/auctions/2018/renand-chapet-pf1856.html?p=9
,Page_links
0,https://www.sothebys.com/en/auctions/2018/modernits-pf1816.html?p=2
,Page_links
0,https://www.sothebys.com/en/auctions/2018/contemporary-art-online-hk0842.html?p=4
,Page_links
0,https://www.sothebys.com/en/auctions/2018/the-midas-touch-l18323.html?p=6
,Page_links
0,https://www.sothebys.com/en/auctions/2018/contemporary-art-day-auction-l18025.html?p=14
,Page_links
0,https://www.sothebys.com/en/auctions/2018/contemporary-art-evening-auction-l18024.html?p=4
,Page_links
0,https://www.sothebys.com/en/auctions/2018/history-of-now-collection-david-teiger-l18623.html?p=3
,Page_links
0,https://www.sothebys.com/en/auctions/2018/creating-a-stage-collection-of-marsha-and-robin-williams-n09977.html?p=26
,Page_links
0,https://www.sothebys.com/en/auctions/2017/cordier-online-pf1898.html?p=8
,Page_links
0,https://www.sothebys.com/en/auctions/2018/modern-asian-art-hk0812.html?p=14
,Page_links
0,https://www.sothebys.com/en/auctions/2018/contemporary-art-hk0813.html?p=12
,Page_links
0,https://www.sothebys.com/en/auctions/2018/contemporary-art-evening-sale-hk0815.html?p=4
,Page_links
0,https://www.sothebys.com/en/auctions/2018/contemporary-art-online-september-n09910.html?p=18
,Page_links
0,https://www.sothebys.com/en/auctions/2018/cordier-pf1855.html?p=14
,Page_links
0,https://www.sothebys.com/en/auctions/2018/contemporary-curated-n09909.html?p=26
,Page_links
0,https://www.sothebys.com/en/auctions/2018/yellowball-online-l18622.html?p=6
,Page_links
0,Page Deleted
,Page_links
0,https://www.sothebys.com/en/auctions/2018/yellowball-l18621.html?p=9
,Page_links
0,https://www.sothebys.com/en/auctions/2018/old-master-q-2-hk0804.html?p=10
,Page_links
0,https://www.sothebys.com/en/auctions/2018/18028-contemporary-art-online.html?p=9
,Page_links
0,https://www.sothebys.com/en/auctions/2018/contemporary-art-online-july-n09893.html?p=17
,Page_links
0,https://www.sothebys.com/en/auctions/2018/signals-ls1802.html?p=9
,Page_links
0,https://www.sothebys.com/en/auctions/2018/the-attic-sale-l18991.html?p=2
,Page_links
0,https://www.sothebys.com/en/auctions/2018/contemporary-editions-online-miol04.html?p=7
,Page_links
0,https://www.sothebys.com/en/auctions/2018/design-in-situ-pf1824.html?p=13
,Page_links
0,https://www.sothebys.com/en/auctions/2018/contemporary-art-day-auction-l18023.html?p=17
,Page_links
0,https://www.sothebys.com/en/auctions/2018/contemporary-art-evening-auction-l18022.html?p=4
,Page_links
0,https://www.sothebys.com/en/auctions/2018/curated-turn-it-up-hk0831.html?p=9
,Page_links
0,https://www.sothebys.com/en/auctions/2018/art-contemporain-day-sale-pf1825.html?p=11
,Page_links
0,https://www.sothebys.com/en/auctions/2018/art-contemporain-evening-sale-pf1805.html?p=4
,Page_links
0,https://www.sothebys.com/en/auctions/2018/art-and-design-from-the-homes-of-delphine-and-reed-krakoff-n09881.html?p=12
,Page_links
0,https://www.sothebys.com/en/auctions/2018/contemporary-art-day-auction-n09859.html?p=30
,Page_links
0,https://www.sothebys.com/en/auctions/2018/contemporary-art-evening-auction-n09858.html?p=5
,Page_links
0,https://www.sothebys.com/en/auctions/2018/raising-the-bar-masterworks-mandel-collection-n09862.html?p=3
,Page_links
0,https://www.sothebys.com/en/auctions/2018/collections-l18304.html?p=15
,Page_links
0,https://www.sothebys.com/en/auctions/2018/arte-moderna-contemporanea-mi0337.html?p=8
,Page_links
0,https://www.sothebys.com/en/auctions/2018/contemporary-curated-l18026.html?p=16
,Page_links
0,https://www.sothebys.com/en/auctions/2018/contemporary-art-hk0784.html?p=13
,Page_links
0,https://www.sothebys.com/en/auctions/2018/contemporary-art-evening-sale-hk0783.html?p=4
,Page_links
0,https://www.sothebys.com/en/auctions/2018/modern-art-evening-sale-hk0782.html?p=5
,Page_links
0,https://www.sothebys.com/en/auctions/2018/alfredo-volpi-lg1801.html?p=2
,Page_links
0,https://www.sothebys.com/en/auctions/2018/bice-lazzari-ls1801.html?p=4
,Page_links
0,https://www.sothebys.com/en/auctions/2018/collection-artur-brandt-ii-pf1846.html?p=11
,Page_links
0,https://www.sothebys.com/en/auctions/2018/aboriginal-l18321.html?p=7
,Page_links
0,https://www.sothebys.com/en/auctions/2018/contemporary-art-day-auction-l18021.html?p=18
,Page_links
0,https://www.sothebys.com/en/auctions/2018/contemporary-art-evening-auction-l18020.html?p=5
,Page_links
0,https://www.sothebys.com/en/auctions/2018/contemporary-art-online-n09825.html?p=13
,Page_links
0,https://www.sothebys.com/en/auctions/2018/to-live-with-art-jerome-ellen-stern-collection-n09838.html?p=13
,Page_links
0,https://www.sothebys.com/en/auctions/2018/contemporary-curated-n09824.html?p=22
,Page_links
0,Page Deleted
,Page_links
0,https://www.sothebys.com/en/auctions/2018/now-pf1850.html?p=25
,Page_links
0,https://www.sothebys.com/en/auctions/2018/erotic-sale-l18325.html?p=8
,Page_links
0,Page Deleted
,Page_links
0,https://www.sothebys.com/en/auctions/2018/line-of-beauty-drawings-n09809.html?p=3
,Page_links
0,https://www.sothebys.com/en/auctions/2017/tess-jaray-ls1706.html?p=3
,Page_links
0,https://www.sothebys.com/en/auctions/2017/ernesto-briel-lg1706.html?p=3
,Page_links
0,https://www.sothebys.com/en/auctions/2017/francois-halard-polaroids-italien-ls1708.html?p=5
,Page_links
0,https://www.sothebys.com/en/auctions/2017/iconoplastic-100-years-of-de-stijl-n09744.html?p=5
,Page_links
0,https://www.sothebys.com/en/auctions/2017/art-contemporain-vente-du-jour-pf1735.html?p=8
,Page_links
0,https://www.sothebys.com/en/auctions/2017/art-contemporain-pf1715.html?p=3
,Page_links
0,https://www.sothebys.com/en/auctions/2017/art-contemporain-pf1765.html?p=3
,Page_links
0,https://www.sothebys.com/en/auctions/2017/modern-contemporary-art-sale-mi0335.html?p=9
,Page_links
0,https://www.sothebys.com/en/auctions/2017/collection-privee-pf1760.html?p=15
,Page_links
0,https://www.sothebys.com/en/auctions/2017/contemporary-curated-l17027.html?p=17
,Page_links
0,Page Deleted
,Page_links
0,Page Deleted
,Page_links
0,https://www.sothebys.com/en/auctions/2017/contemporary-art-day-auction-n09714.html?p=30
,Page_links
0,https://www.sothebys.com/en/auctions/2017/contemporary-art-evening-auction-n09713.html?p=6
,Page_links
0,https://www.sothebys.com/en/auctions/2017/20th-century-art-l17103.html?p=8
,Page_links
0,https://www.sothebys.com/en/auctions/2017/boundless-dubai-db1701.html?p=9
,Page_links
0,https://www.sothebys.com/en/auctions/2017/collections-l17305.html?p=39
,Page_links
0,https://www.sothebys.com/en/auctions/2017/collection-brandt-pf1746.html?p=10
,Page_links
0,https://www.sothebys.com/en/auctions/2016/modernites-de-rodin-a-soulages-pf1716.html?p=4
,Page_links
0,https://www.sothebys.com/en/auctions/2017/charity-auction-l17625.html?p=3
,Page_links
0,https://www.sothebys.com/en/auctions/2017/robert-indiana-collection-of-herbert-lust-n09628.html?p=3
,Page_links
0,https://www.sothebys.com/en/auctions/2016/robert-graham-selected-works-n09629.html?p=2
,Page_links
0,https://www.sothebys.com/en/auctions/2016/contemporary-art-day-auction-l17025.html?p=17
,Page_links
0,https://www.sothebys.com/en/auctions/2017/the-bauhaus-sale-l17623.html?p=3
,Page_links
0,https://www.sothebys.com/en/auctions/2017/contemporary-art-evening-auction-l17024.html?p=4
,Page_links
0,https://www.sothebys.com/en/auctions/2017/the-italian-sale-l17624.html?p=4
,Page_links
0,https://www.sothebys.com/en/auctions/2017/yuko-nasaka-ls1704.html?p=2
,Page_links
0,Page Deleted
,Page_links
0,https://www.sothebys.com/en/auctions/2017/contemporary-art-hk0740.html?p=11
,Page_links
0,https://www.sothebys.com/en/auctions/2017/modern-contemporary-art-evening-sale-hk0736.html?p=7
,Page_links
0,https://www.sothebys.com/en/auctions/2017/contemporary-curated-n09624.html?p=28
,Page_links
0,https://www.sothebys.com/en/auctions/2017/collection-edward-albee-n09678.html?p=9
,Page_links
0,https://www.sothebys.com/en/auctions/2017/collection-prince-marc-de-beauvau-craon-pf1761.html?p=13
,Page_links
0,https://www.sothebys.com/en/auctions/2017/shake-it-up-mario-testino-collection-l17622.html?p=18
,Page_links
0,https://www.sothebys.com/en/auctions/2017/shake-it-up-mario-testino-collection-l17621.html?p=4
,Page_links
0,Page Deleted
,Page_links
0,https://www.sothebys.com/en/auctions/2017/li-yuan-chia-ls1703.html?p=4
,Page_links
0,Page Deleted
,Page_links
0,https://www.sothebys.com/en/auctions/2017/ginette-et-alain-lesieutre-pf1744.html?p=19
,Page_links
0,https://www.sothebys.com/en/auctions/2017/contemporary-art-day-auction-l17023.html?p=14
,Page_links
0,https://www.sothebys.com/en/auctions/2017/contemporary-art-evening-auction-l17022.html?p=4
,Page_links
0,https://www.sothebys.com/en/auctions/2017/impressionist-modern-art-day-sale-l17008.html?p=18
,Page_links
0,https://www.sothebys.com/en/auctions/2017/actual-size-l17007.html?p=3
,Page_links
0,https://www.sothebys.com/en/auctions/2016/alfonso-ossorio-works-from-the-foundation-n09627.html?p=2
,Page_links
0,https://www.sothebys.com/en/auctions/2017/roy-newell-n09782.html?p=2
,Page_links
0,https://www.sothebys.com/en/auctions/2017/art-contemporain-vente-du-jour-pf1725.html?p=13
,Page_links
0,https://www.sothebys.com/en/auctions/2017/art-contemporain-pf1705.html?p=4
,Page_links
0,https://www.sothebys.com/en/auctions/2017/renate-bertlmann-ls1702.html?p=3
,Page_links
0,Page Deleted
,Page_links
0,https://www.sothebys.com/en/auctions/2017/alexander-iolas-l17211.html?p=13
,Page_links
0,https://www.sothebys.com/en/auctions/2017/contemporary-art-day-auction-n09762.html?p=26
,Page_links
0,https://www.sothebys.com/en/auctions/2017/contemporary-art-evening-auction-n09761.html?p=5
,Page_links
0,https://www.sothebys.com/en/auctions/2017/design-pf1704.html?p=15
,Page_links
0,https://www.sothebys.com/en/auctions/2017/arte-moderna-contemporanea-mi0333.html?p=9
,Page_links
0,https://www.sothebys.com/en/auctions/2017/traumata-bourgeois-kusama-ls1701.html?p=4
,Page_links
0,https://www.sothebys.com/en/auctions/2017/contemporary-curated-l17026.html?p=12
,Page_links
0,https://www.sothebys.com/en/auctions/2017/modern-contemporary-art-evening-sale-hk0713.html?p=5
,Page_links
0,https://www.sothebys.com/en/auctions/2017/brushwork-ii-all-the-worlds-a-stage-hk0768.html?p=3
,Page_links
0,https://www.sothebys.com/en/auctions/2017/dessins-modernes-et-contemporains-pf1706.html?p=12
,Page_links
0,https://www.sothebys.com/en/auctions/2016/raymond-pettibon-four-decades-n09625.html?p=3
,Page_links
0,https://www.sothebys.com/en/auctions/2017/contemporary-art-day-auction-l17021.html?p=15
,Page_links
0,https://www.sothebys.com/en/auctions/2017/contemporary-art-evening-auction-l17020.html?p=5
,Page_links
0,https://www.sothebys.com/en/auctions/2017/now-you-see-me-n09626.html?p=2
,Page_links
0,https://www.sothebys.com/en/auctions/2017/contemporary-curated-n09622.html?p=29
,Page_links
0,https://www.sothebys.com/en/auctions/2017/now-pf1750.html?p=22
,Page_links
0,https://www.sothebys.com/en/auctions/2017/erotic-passion-desire-l17322.html?p=9
,Page_links
0,https://www.sothebys.com/en/auctions/2016/performance-cecil-beaton-ls1605.html?p=2
,Page_links
0,Page Deleted
,Page_links
0,https://www.sothebys.com/en/auctions/2016/de-magritte-indiana-regards-damateurs-italiens-pf1626.html?p=3
,Page_links
0,https://www.sothebys.com/en/auctions/2016/art-contemporain-pf1615.html?p=12
,Page_links
0,https://www.sothebys.com/en/auctions/2016/arte-moderna-contemporanea-mi0331.html?p=11
,Page_links
0,https://www.sothebys.com/en/auctions/2016/contemporary-art-day-auction-n09573.html?p=27
,Page_links
0,https://www.sothebys.com/en/auctions/2016/contemporary-art-evening-auction-n09572.html?p=6
,Page_links
0,Page Deleted
,Page_links
0,https://www.sothebys.com/en/auctions/2016/bowie-collector-part-i-modern-contemporary-art-evening-auction-l16142.html?p=4
,Page_links
0,https://www.sothebys.com/en/auctions/2016/bowie-collector-part-ii-modern-contemporary-art-day-auction-l16148.html?p=18
,Page_links
0,Page Deleted
,Page_links
0,https://www.sothebys.com/en/auctions/2016/henry-hudson-sun-city-tanning-n09557.html?p=2
,Page_links
0,https://www.sothebys.com/en/auctions/2016/contemporary-art-evening-auction-l16024.html?p=3
,Page_links
0,https://www.sothebys.com/en/auctions/2016/contemporary-art-day-auction-l16025.html?p=12
,Page_links
0,https://www.sothebys.com/en/auctions/2016/photographs-n09558.html?p=15
,Page_links
0,https://www.sothebys.com/en/auctions/2016/the-italian-sale-l16624.html?p=4
,Page_links
0,https://www.sothebys.com/en/auctions/2016/contemporary-curated-n09553.html?p=25
,Page_links
0,https://www.sothebys.com/en/auctions/2016/contemporary-curated-l16027.html?p=11
,Page_links
0,Page Deleted
,Page_links
0,https://www.sothebys.com/en/auctions/2016/animal-farm-beastly-muses-metaphors-ls1603.html?p=5
,Page_links
0,https://www.sothebys.com/en/auctions/2016/contemporary-art-day-l16023.html?p=15
,Page_links
0,https://www.sothebys.com/en/auctions/2016/contemporary-art-evening-l16022.html?p=4
,Page_links
0,https://www.sothebys.com/en/auctions/2016/art-contemporain-pf1605.html?p=16
,Page_links
0,https://www.sothebys.com/en/auctions/2016/sweet-nothing-new-works-charming-baker-ls1602.html?p=2
,Page_links
0,https://www.sothebys.com/en/auctions/2016/arte-moderna-contemporanea-mi0329.html?p=9
,Page_links
0,https://www.sothebys.com/en/auctions/2015/contemporary-art-day-auction-n09501.html?p=22
,Page_links
0,https://www.sothebys.com/en/auctions/2015/contemporary-art-evening-auction-n09500.html?p=4
,Page_links
0,Page Deleted
,Page_links
0,https://www.sothebys.com/en/auctions/2016/alchemy-objects-desire-l16227.html?p=13
,Page_links
0,https://www.sothebys.com/en/auctions/2016/sothebys-designer-showhouse-and-auction-n09494.html?p=22
,Page_links
0,https://www.sothebys.com/en/auctions/2016/they-would-be-kings-street-art-curated-by-steve-lazarides-hk0686.html?p=4
,Page_links
0,https://www.sothebys.com/en/auctions/2016/between-the-eyes-ls1601.html?p=2
,Page_links
0,https://www.sothebys.com/en/auctions/2016/contemporary-curated-l16026.html?p=17
,Page_links
0,https://www.sothebys.com/en/auctions/2016/next-destination-hong-kong-exhibition-william-lim-living-collection-hk0685.html?p=2
,Page_links
0,https://www.sothebys.com/en/auctions/2016/next-destination-hong-kong-selling-exhibition-contemporary-hong-kong-art-hk0697.html?p=4
,Page_links
0,https://www.sothebys.com/en/auctions/2016/andy-warhol-money-on-the-wall-n09554.html?p=2
,Page_links
0,https://www.sothebys.com/en/auctions/2016/contemporary-curated-n09473.html?p=29
,Page_links
0,https://www.sothebys.com/en/auctions/2016/now-pf1650.html?p=18
,Page_links
0,https://www.sothebys.com/en/auctions/2016/contemporary-art-day-l16021.html?p=19
,Page_links
0,https://www.sothebys.com/en/auctions/2016/contemporary-art-evening-auction-l16020.html?p=5
,Page_links
0,https://www.sothebys.com/en/auctions/2014/s2-exhibition-5-ls1505.html?p=5
,Page_links
0,https://www.sothebys.com/en/auctions/2015/art-contemporain-pf1515.html?p=12
,Page_links
0,Page Deleted
,Page_links
0,Page Deleted
,Page_links
0,https://www.sothebys.com/en/auctions/2015/arte-moderna-contemporanea-mi0327.html?p=10
,Page_links
0,Page Deleted
,Page_links
0,https://www.sothebys.com/en/auctions/2015/fast-forward-n09388.html?p=6
,Page_links
0,Page Deleted
,Page_links
0,Page Deleted
,Page_links
0,https://www.sothebys.com/en/auctions/2015/contemporary-art-day-auction-n09421.html?p=35
,Page_links
0,https://www.sothebys.com/en/auctions/2015/contemporary-art-evening-auction-n09420.html?p=5
,Page_links
0,https://www.sothebys.com/en/auctions/2015/modern-contemporary-art-collection-a-alfred-taubman-n09431.html?p=11
,Page_links
0,https://www.sothebys.com/en/auctions/2015/masterworks-collection-a-alfred-taubman-n09430.html?p=7
,Page_links
0,https://www.sothebys.com/en/auctions/2014/rock-style-tommy-hilfiger-jeffrey-deitch-ls1504.html?p=5
,Page_links
0,https://www.sothebys.com/en/auctions/2015/icons-art-appropriation-n09376.html?p=3
,Page_links
0,https://www.sothebys.com/en/auctions/2015/contemporary-art-day-auction-l15025.html?p=25
,Page_links
0,https://www.sothebys.com/en/auctions/2015/contemporary-art-evening-auction-l15024.html?p=5
,Page_links
0,https://www.sothebys.com/en/auctions/2015/the-italian-sale-l15624.html?p=5
,Page_links
0,https://www.sothebys.com/en/auctions/2015/contemporary-curated-n09403.html?p=26
,Page_links
0,https://www.sothebys.com/en/auctions/2015/alexander-calder-imagining-universe-hk0615.html?p=2
,Page_links
0,Page Deleted
,Page_links
0,https://www.sothebys.com/en/auctions/2014/paint-your-own-backyard-ls1503.html?p=2
,Page_links
0,https://www.sothebys.com/en/auctions/2015/collection-didier-ludot-pf1570.html?p=15
,Page_links
0,https://www.sothebys.com/en/auctions/2015/contemporary-art-day-auction-l15023.html?p=24
,Page_links
0,https://www.sothebys.com/en/auctions/2015/contemporary-art-evening-auction-l15022.html?p=5
,Page_links
0,https://www.sothebys.com/en/auctions/2015/now-pf1524.html?p=16
,Page_links
0,https://www.sothebys.com/en/auctions/2015/i-like-it-like-this-s2-drake-n09373.html?p=5
,Page_links
0,https://www.sothebys.com/en/auctions/2015/warhol-salon-n09374.html?p=3
,Page_links
0,https://www.sothebys.com/en/auctions/2015/contemporary-curated-n09366.html?p=27
,Page_links
0,https://www.sothebys.com/en/auctions/2015/tale-two-cities-venice-dresden-l15320.html?p=13
,Page_links
0,https://www.sothebys.com/en/auctions/2015/art-contemporain-pf1505.html?p=11
,Page_links
0,https://www.sothebys.com/en/auctions/2014/henry-hudson-contemporary-artist-progress-rise-fall-young-sen-ls1502.html?p=5
,Page_links
0,https://www.sothebys.com/en/auctions/2015/arte-moderna-contemporanea-mi0326.html?p=12
,Page_links
0,https://www.sothebys.com/en/auctions/2015/contemporary-day-n09346.html?p=34
,Page_links
0,https://www.sothebys.com/en/auctions/2015/contemporary-evening-n09345.html?p=6
,Page_links
0,https://www.sothebys.com/en/auctions/2015/contemporary-art-doha-do1501.html?p=5
,Page_links
0,https://www.sothebys.com/en/auctions/2015/chaste-paper-n09372.html?p=4
,Page_links
0,https://www.sothebys.com/en/auctions/2014/the-new-york-sale-n09215.html?p=8
,Page_links
0,https://www.sothebys.com/en/auctions/2014/ron-gorchov-vito-schnabel-ls1501.html?p=2
,Page_links
0,https://www.sothebys.com/en/auctions/2015/bear-witness-l15026.html?p=46
,Page_links
0,https://www.sothebys.com/en/auctions/2015/bande-dessinee-pf1555.html?p=24
,Page_links
0,https://www.sothebys.com/en/auctions/2015/contemporary-curated-n09316.html?p=23
,Page_links
0,Page Deleted
,Page_links
0,https://www.sothebys.com/en/auctions/2015/one-in-eleven-l15018.html?p=2
,Page_links
0,https://www.sothebys.com/en/auctions/2015/contemporary-art-day-auction-l15021.html?p=25
,Page_links
0,https://www.sothebys.com/en/auctions/2015/contemporary-art-evening-auction-l15020.html?p=7
,Page_links
0,https://www.sothebys.com/en/auctions/2015/wall-flowers-n09370.html?p=3
,Page_links
0,https://www.sothebys.com/en/auctions/2014/infinite-world-dadamaino-ls1406.html?p=2
,Page_links
0,https://www.sothebys.com/en/auctions/2014/a-table-pf1460.html?p=42
,Page_links
0,https://www.sothebys.com/en/auctions/2014/art-contemporain-pf1415.html?p=13
,Page_links
0,https://www.sothebys.com/en/auctions/2014/maurizio-cattelan-s2-n09171.html?p=2
,Page_links
0,https://www.sothebys.com/en/auctions/2014/arte-moderna-contemporanea-mi0325.html?p=12
,Page_links
0,https://www.sothebys.com/en/auctions/2014/interiors-mellon-n09247.html?p=105
,Page_links
0,https://www.sothebys.com/en/auctions/2014/picasso-prints-and-ceramics-selling-exh-hk0550.html?p=4
,Page_links
0,https://www.sothebys.com/en/auctions/2014/contemporary-art-day-sale-n09222.html?p=40
,Page_links
0,https://www.sothebys.com/en/auctions/2014/contemporary-art-evening-sale-n09221.html?p=7
,Page_links
0,https://www.sothebys.com/en/auctions/2014/masterworks-mellon-n09245.html?p=4
,Page_links
0,Page Deleted
,Page_links
0,https://www.sothebys.com/en/auctions/2014/contemporary-art-day-auction-l14025.html?p=23
,Page_links
0,https://www.sothebys.com/en/auctions/2014/contemporary-art-evening-auction-l14024.html?p=5
,Page_links
0,https://www.sothebys.com/en/auctions/2014/20th-century-italian-art-l14624.html?p=5
,Page_links
0,https://www.sothebys.com/en/auctions/2014/s2-colorfield-n09180.html?p=2
,Page_links
0,https://www.sothebys.com/en/auctions/2014/contemporary-art-doha-do1401.html?p=5
,Page_links
0,https://www.sothebys.com/en/auctions/2014/stitched-up-ls1404.html?p=2
,Page_links
0,https://www.sothebys.com/en/auctions/2014/contemporary-curated-n09196.html?p=29
,Page_links
0,https://www.sothebys.com/en/auctions/2014/nara-hk0546.html?p=2
,Page_links
0,Page Deleted
,Page_links
0,https://www.sothebys.com/en/auctions/2014/s2-save-it-for-later-n09176.html?p=3
,Page_links
0,https://www.sothebys.com/en/auctions/2014/banksy-steve-lazarides-ls1403.html?p=7
,Page_links
0,https://www.sothebys.com/en/auctions/2014/contemporary-art-day-auction-l14023.html?p=27
,Page_links
0,https://www.sothebys.com/en/auctions/2014/contemporary-art-evening-auction-l14022.html?p=5
,Page_links
0,https://www.sothebys.com/en/auctions/2014/s2-dubuffet-n09170.html?p=4
,Page_links
0,https://www.sothebys.com/en/auctions/2013/vasarely-n09173.html?p=2
,Page_links
0,https://www.sothebys.com/en/auctions/2014/june-contemporary-curated-n09165.html?p=28
,Page_links
0,https://www.sothebys.com/en/auctions/2014/art-contemporain-pf1405.html?p=13
,Page_links
0,https://www.sothebys.com/en/auctions/2014/arte-moderna-contemporanea-mi0324.html?p=14
,Page_links
0,https://www.sothebys.com/en/auctions/2013/artist-jewellery-louisa-guinness-n09175.html?p=3
,Page_links
0,https://www.sothebys.com/en/auctions/2014/this-side-paradise-curated-jane-neal-ls1402.html?p=3
,Page_links
0,https://www.sothebys.com/en/auctions/2014/song-yige-hk0515.html?p=2
,Page_links
0,https://www.sothebys.com/en/auctions/2014/contemporary-art-day-sale-n09142.html?p=38
,Page_links
0,https://www.sothebys.com/en/auctions/2014/contemporary-art-evening-sale-n09141.html?p=7
,Page_links
0,https://www.sothebys.com/en/auctions/2013/private-selling-exhibition-type-b-n09174.html?p=4
,Page_links
0,https://www.sothebys.com/en/auctions/2014/regard-croise-atlan-pf1483.html?p=4
,Page_links
0,https://www.sothebys.com/en/auctions/2014/curiosite-regard-moderne-pf1440.html?p=28
,Page_links
0,https://www.sothebys.com/en/auctions/2013/bertoia-selling-exhibition-n09172.html?p=3
,Page_links
0,https://www.sothebys.com/en/auctions/2014/canadian-art-selling-exhibition-n09113.html?p=3
,Page_links
0,https://www.sothebys.com/en/auctions/2014/march-contemporary-curated-n09120.html?p=24
,Page_links
0,https://www.sothebys.com/en/auctions/2014/1000-ways-seeing-l14313.html?p=83
,Page_links
0,https://www.sothebys.com/en/auctions/2014/s2-just-now-bert-kreuk-ls1401.html?p=3
,Page_links
0,https://www.sothebys.com/en/auctions/2014/contemporary-art-day-auction-l14021.html?p=22
,Page_links
0,https://www.sothebys.com/en/auctions/2014/contemporary-art-evening-auction-l14020.html?p=5
,Page_links
0,Page Deleted
,Page_links
0,https://www.sothebys.com/en/auctions/2013/new-objectivity-dusseldorf-school-photography-ls1302.html?p=3
,Page_links
0,https://www.sothebys.com/en/auctions/2013/art-contemporain-pf1315.html?p=12
,Page_links
0,https://www.sothebys.com/en/auctions/2013/modern-and-contemporary-art-sale-mi0323.html?p=14
,Page_links
0,https://www.sothebys.com/en/auctions/2013/null-n09014.html?p=4
,Page_links
0,https://www.sothebys.com/en/auctions/2013/joseph-beuys-revealed-ls1301.html?p=2
,Page_links
0,https://www.sothebys.com/en/auctions/2013/nov-2013-contemporary-day-n09038.html?p=36
,Page_links
0,https://www.sothebys.com/en/auctions/2013/nov-2013-contemporary-evening-n09037.html?p=6
,Page_links
0,https://www.sothebys.com/en/auctions/2013/daniel-katz-sale-l13232.html?p=24
,Page_links
0,https://www.sothebys.com/en/auctions/2013/s2-lalanne-n09033.html?p=3
,Page_links
0,https://www.sothebys.com/en/auctions/2013/s2-penone-n09028.html?p=3
,Page_links
0,https://www.sothebys.com/en/auctions/2013/contemporary-art-day-auction-l13025.html?p=22
,Page_links
0,https://www.sothebys.com/en/auctions/2013/contemporary-art-evening-auction-l13024.html?p=4
,Page_links
0,https://www.sothebys.com/en/auctions/2013/20th-century-italian-art-l13624.html?p=4
,Page_links
0,Page Deleted
,Page_links
0,https://www.sothebys.com/en/auctions/2013/contemporary-art-n09010.html?p=32
,Page_links
0,https://www.sothebys.com/en/auctions/2013/null-hk0443.html?p=4
,Page_links
0,Page Deleted
,Page_links
0,https://www.sothebys.com/en/auctions/2013/contemporary-art-day-auction-l13023.html?p=23
,Page_links
0,https://www.sothebys.com/en/auctions/2013/contemporary-art-evening-auction-l13022.html?p=6
,Page_links
0,https://www.sothebys.com/en/auctions/2013/impressionist-modern-art-evening-sale-l13006.html?p=6
,Page_links
0,https://www.sothebys.com/en/auctions/2012/contemporary-art-n09004.html?p=22
,Page_links
0,https://www.sothebys.com/en/auctions/2013/art-contemporain-pf1305.html?p=12
,Page_links
0,https://www.sothebys.com/en/auctions/2013/brasil-vvido-a-selling-exhibition-of-n08990.html?p=5
,Page_links
0,https://www.sothebys.com/en/auctions/2013/arte-moderna-contemporanea.html?p=13
,Page_links
0,https://www.sothebys.com/en/auctions/2013/may-2013-contemporary-day-n08992.html?p=38
,Page_links
0,https://www.sothebys.com/en/auctions/2013/may-2013-contemporary-evening-n08991.html?p=6
,Page_links
0,Page Deleted
,Page_links
0,https://www.sothebys.com/en/auctions/2013/contemporary-art-doha-do1301.html?p=4
,Page_links
0,Page Deleted
,Page_links
0,Page Deleted
,Page_links
0,https://www.sothebys.com/en/auctions/2013/collection-de-nicolas-landau-et-jacqueline-goldman.html?p=30
,Page_links
0,https://www.sothebys.com/en/auctions/2013/contemporary-asian-art-hk0455.html?p=9
,Page_links
0,https://www.sothebys.com/en/auctions/2013/contemporary-art-n08967.html?p=28
,Page_links
0,https://www.sothebys.com/en/auctions/2012/single-owner-ectp-march-n08962.html?p=8
,Page_links
0,https://www.sothebys.com/en/auctions/2013/contemporary-art-day-auction-l13021.html?p=22
,Page_links
0,https://www.sothebys.com/en/auctions/2013/contemporary-art-evening-auction-l13020.html?p=5
,Page_links
0,https://www.sothebys.com/en/auctions/2012/art-contemporain-pf1215.html?p=13
,Page_links
0,https://www.sothebys.com/en/auctions/2012/boundless-contemporary-art.html?p=7
,Page_links
0,https://www.sothebys.com/en/auctions/2012/arte-moderna-e-contemporanea-.html?p=11
,Page_links
0,https://www.sothebys.com/en/auctions/2012/contemporary-art-day-auction-n08901.html?p=39
,Page_links
0,https://www.sothebys.com/en/auctions/2012/contemporary-art-evening-auction-n08900.html?p=6
,Page_links
0,https://www.sothebys.com/en/auctions/2012/wanderlust-n08868.html?p=4
,Page_links
0,https://www.sothebys.com/en/auctions/2012/collection-mis-art-moderne-et-contemporain.html?p=6
,Page_links
0,https://www.sothebys.com/en/auctions/2012/s2-roitfeld-n08955.html?p=3
,Page_links
0,https://www.sothebys.com/en/auctions/2012/contemporary-art-day-auction-l12025.html?p=21
,Page_links
0,https://www.sothebys.com/en/auctions/2012/contemporary-art-evening-auction-l12024.html?p=5
,Page_links
0,https://www.sothebys.com/en/auctions/2012/20th-century-italian-art-l12624.html?p=3
,Page_links
0,https://www.sothebys.com/en/auctions/2012/s2-the-boundaries-of-seeing-n08905.html?p=3
,Page_links
0,https://www.sothebys.com/en/auctions/2012/collection-marcel-brient-la-page-franaise.html?p=7
,Page_links
0,https://www.sothebys.com/en/auctions/2012/contemporary-art-n08875.html?p=28
,Page_links
0,https://www.sothebys.com/en/auctions/2012/s2-not-californian-n08954.html?p=3
,Page_links
0,Page Deleted
,Page_links
0,https://www.sothebys.com/en/auctions/2012/bande-dessine-comics.html?p=8
,Page_links
0,https://www.sothebys.com/en/auctions/2012/contemporary-art-day-auction-l12023.html?p=21
,Page_links
0,https://www.sothebys.com/en/auctions/2012/contemporary-art-evening-auction-l12022.html?p=7
,Page_links
0,Page Deleted
,Page_links
0,https://www.sothebys.com/en/auctions/2012/art-contemporain-pf1205.html?p=14
,Page_links
0,https://www.sothebys.com/en/auctions/2012/arte-moderna-e-contemporanea.html?p=16
,Page_links
0,https://www.sothebys.com/en/auctions/2012/the-gunter-sachs-collection-day-auction.html?p=21
,Page_links
0,https://www.sothebys.com/en/auctions/2012/the-gunter-sachs-collection-evening-auction.html?p=4
,Page_links
0,https://www.sothebys.com/en/auctions/2012/contemporary-art-day-n08854.html?p=32
,Page_links
0,https://www.sothebys.com/en/auctions/2012/contemporary-art-evening-n08853.html?p=5
,Page_links
0,https://www.sothebys.com/en/auctions/2012/keith-haring-selling-exhibition-n08902.html?p=2
,Page_links
0,https://www.sothebys.com/en/auctions/2012/collection-florence-loeb-sources-et-affinits.html?p=8
,Page_links
0,Page Deleted
,Page_links
0,https://www.sothebys.com/en/auctions/2012/contemporary-art-n08829.html?p=25
,Page_links
0,https://www.sothebys.com/en/auctions/2012/contemporary-art-day-auction-l12021.html?p=20
,Page_links
0,https://www.sothebys.com/en/auctions/2012/contemporary-art-evening-auction-l12020.html?p=6
,Page_links
0,https://www.sothebys.com/en/auctions/2011/art-contemporain.html?p=12
,Page_links
0,https://www.sothebys.com/en/auctions/2011/arte-moderna-e-contemporanea-identita-italiana-unimportante-collezione-privata.html?p=17
,Page_links
0,https://www.sothebys.com/en/auctions/2011/hunters-and-gatherers-n08866.html?p=6
,Page_links
0,https://www.sothebys.com/en/auctions/2011/these-days-curated-by-vito-schnabel-n08856.html?p=3
,Page_links
0,https://www.sothebys.com/en/auctions/2011/contemporary-art-day-sale-n08792.html?p=32
,Page_links
0,https://www.sothebys.com/en/auctions/2011/contemporary-art-evening-sale-n08791.html?p=7
,Page_links
0,Page Deleted
,Page_links
0,https://www.sothebys.com/en/auctions/2011/property-from-the-collections-of-lily-edmond-j-safra-n08822.html?p=47
,Page_links
0,https://www.sothebys.com/en/auctions/2011/contemporary-art-day-sale-.html?p=14
,Page_links
0,https://www.sothebys.com/en/auctions/2011/contemporary-art-evening-sale-.html?p=4
,Page_links
0,https://www.sothebys.com/en/auctions/2011/20th-century-italian-art-including-italian-identity-an-important-private-collection.html?p=5
,Page_links
0,https://www.sothebys.com/en/auctions/2011/the-bat-artventure-collection-formerly-known-as-the-peter-stuyvesant-collection-part-three.html?p=13
,Page_links
0,https://www.sothebys.com/en/auctions/2011/the-collection-of-allan-stone-vol-iii-n08816.html?p=6
,Page_links
0,Page Deleted
,Page_links
0,Page Deleted
,Page_links
0,Page Deleted
,Page_links
0,https://www.sothebys.com/en/auctions/2011/art-contemporain-pf1105.html?p=13
,Page_links
0,https://www.sothebys.com/en/auctions/2011/modern-contemporary-mi0315.html?p=16
,Page_links
0,https://www.sothebys.com/en/auctions/2011/19th-century-and-modern-contemporary-am1099.html?p=9
,Page_links
0,https://www.sothebys.com/en/auctions/2011/contemporary-ii-n08745.html?p=31
,Page_links
0,https://www.sothebys.com/en/auctions/2011/contemporary-i-n08744.html?p=5
,Page_links
0,https://www.sothebys.com/en/auctions/2011/stone-i-and-ii-n08815.html?p=4
,Page_links
0,https://www.sothebys.com/en/auctions/2011/bat-am1097.html?p=17
,Page_links
0,https://www.sothebys.com/en/auctions/2011/collezione-claudia-gian-ferrari-mi0318.html?p=12
,Page_links
0,https://www.sothebys.com/en/auctions/2011/appel-am1100.html?p=129
,Page_links
0,https://www.sothebys.com/en/auctions/2011/contemporary-art-n08720.html?p=25
,Page_links
0,https://www.sothebys.com/en/auctions/2011/contemporary-art-day-auction-l11021.html?p=16
,Page_links
0,Page Deleted
,Page_links
0,https://www.sothebys.com/en/auctions/2011/looking-closely-l11001.html?p=5
,Page_links
0,https://www.sothebys.com/en/auctions/2010/fusion-contemporary-art-and-design-n08748.html?p=8
,Page_links
0,https://www.sothebys.com/en/auctions/2010/19th-century-paintings-contemporary-art-am1094.html?p=11
,Page_links
0,https://www.sothebys.com/en/auctions/2010/contemporary-art-pf1029.html?p=12
,Page_links
0,https://www.sothebys.com/en/auctions/2010/arte-moderna-e-contemporanea-mi0310.html?p=13
,Page_links
0,https://www.sothebys.com/en/auctions/2010/bertoia-n08714.html?p=2
,Page_links
0,https://www.sothebys.com/en/auctions/2010/contemporary-art-day-auction-n08679.html?p=24
,Page_links
0,https://www.sothebys.com/en/auctions/2010/contemporary-art-evening-auction-n08678.html?p=5
,Page_links
0,https://www.sothebys.com/en/auctions/2010/the-robert-devereux-collection-of-post-war-british-art-in-aid-of-the-african-arts-trust-sale-3-l10145.html?p=10
,Page_links
0,Page Deleted
,Page_links
0,https://www.sothebys.com/en/auctions/2010/the-robert-devereux-collection-of-post-war-british-art-in-aid-of-the-african-arts-trust-sale-1-l10143.html?p=5
,Page_links
0,https://www.sothebys.com/en/auctions/2010/important-old-master-paintings-chinese-works-of-art-furniture-and-silver-from-a-milanese-private-collection-mi0312.html?p=18
,Page_links
0,https://www.sothebys.com/en/auctions/2010/contemporary-art-day-auction-l10025.html?p=16
,Page_links
0,https://www.sothebys.com/en/auctions/2010/contemporary-art-evening-auction-l10024.html?p=3
,Page_links
0,https://www.sothebys.com/en/auctions/2010/20th-century-italian-art-l10624.html?p=3
,Page_links
0,https://www.sothebys.com/en/auctions/2010/contemporary-art-n08662.html?p=19
,Page_links
0,https://www.sothebys.com/en/auctions/2010/selected-works-from-the-neuberger-berman-and-lehman-brothers-corporate-art-collections-n08704.html?p=10
,Page_links
0,Page Deleted
,Page_links
0,https://www.sothebys.com/en/auctions/2010/contemporary-art-evening-auction-l10022.html?p=4
,Page_links
0,https://www.sothebys.com/en/auctions/2010/19th-century-european-paintings-contemporary-art-am1091.html?p=8
,Page_links
0,https://www.sothebys.com/en/auctions/2010/contemporary-art-pf1013.html?p=12
,Page_links
0,https://www.sothebys.com/en/auctions/2010/global-contemporary-rijksakademie-am1096.html?p=8
,Page_links
0,https://www.sothebys.com/en/auctions/2010/modern-contemporary-art-including-contemporary-art-from-a-private-collection-mi0308.html?p=13
,Page_links
0,https://www.sothebys.com/en/auctions/2010/contemporary-art-day-auction-n08637.html?p=26
,Page_links
0,https://www.sothebys.com/en/auctions/2010/contemporary-art-evening-auction-n08636.html?p=5
,Page_links
0,https://www.sothebys.com/en/auctions/2010/old-master-modern-contemporary-prints-l10160.html?p=16
,Page_links
0,https://www.sothebys.com/en/auctions/2010/contemporary-art-n08617.html?p=24
,Page_links
0,https://www.sothebys.com/en/auctions/2010/the-bat-artventure-collection-formerly-known-as-the-peter-stuyvesant-collection-am1095.html?p=14
,Page_links
0,https://www.sothebys.com/en/auctions/2010/contemporary-art-day-auction-l10021.html?p=16
,Page_links
0,https://www.sothebys.com/en/auctions/2010/contemporary-art-evening-auction-including-property-from-the-sammlung-lenz-schnberg-l10020.html?p=7
,Page_links
0,https://www.sothebys.com/en/auctions/2009/19th-century-european-paintings-and-modern-contemporary-art-am1086.html?p=9
,Page_links
0,https://www.sothebys.com/en/auctions/2009/contemporary-art-pf9019.html?p=9
,Page_links
0,https://www.sothebys.com/en/auctions/2009/contemporary-art-mi0302.html?p=16
,Page_links
0,https://www.sothebys.com/en/auctions/2009/photographs-pf9027.html?p=17
,Page_links
0,https://www.sothebys.com/en/auctions/2009/contemporary-art-day-auction-n08593.html?p=25
,Page_links
0,https://www.sothebys.com/en/auctions/2009/contemporary-art-evening-auction-n08592.html?p=5
,Page_links
0,Page Deleted
,Page_links
0,Page Deleted
,Page_links
0,Page Deleted
,Page_links
0,https://www.sothebys.com/en/auctions/2009/20th-century-italian-art-l09816.html?p=3
,Page_links
0,Page Deleted
,Page_links
0,https://www.sothebys.com/en/auctions/2009/contemporary-art-n08568.html?p=23
,Page_links
0,https://www.sothebys.com/en/auctions/2009/photographs-furniture-and-works-of-art-from-a-parisian-flat-avenue-montaigne-pf9093.html?p=16
,Page_links
0,Page Deleted
,Page_links
0,https://www.sothebys.com/en/auctions/2009/modern-and-contemporary-art-am1071.html?p=8
,Page_links
0,https://www.sothebys.com/en/auctions/2009/contemporary-day-auction-l09623.html?p=15
,Page_links
0,https://www.sothebys.com/en/auctions/2009/contemporary-evening-auction-l09622.html?p=4
,Page_links
0,https://www.sothebys.com/en/auctions/2009/contemporary-art-pf9007.html?p=11
,Page_links
0,https://www.sothebys.com/en/auctions/2009/contemporary-art-mi0300.html?p=19
,Page_links
0,https://www.sothebys.com/en/auctions/2009/contemporary-art-day-sale-n08551.html?p=23
,Page_links
0,https://www.sothebys.com/en/auctions/2009/contemporary-art-evening-sale-n08550.html?p=4
,Page_links
0,https://www.sothebys.com/en/auctions/2009/giorgio-soavi-collezionista-mi0307.html?p=12
,Page_links
0,https://www.sothebys.com/en/auctions/2009/contemporary-asian-art-hk0296.html?p=12
,Page_links
0,Page Deleted
,Page_links
0,https://www.sothebys.com/en/auctions/2009/contemporary-n08523.html?p=18
,Page_links
0,https://www.sothebys.com/en/auctions/2009/contemporary-art-turkish-l09725.html?p=6
,Page_links
0,https://www.sothebys.com/en/auctions/2009/contemporary-art-day-sale-l09621.html?p=12
,Page_links
0,https://www.sothebys.com/en/auctions/2009/contemporary-evening-sale-l09620.html?p=3
,Page_links
0,https://www.sothebys.com/en/auctions/2008/contemporary-art-pf8020.html?p=12
,Page_links
0,https://www.sothebys.com/en/auctions/2008/modern-and-contemporary-art-including-1950-northern-european-avant-garde-am1058.html?p=17
,Page_links
0,https://www.sothebys.com/en/auctions/2008/contemporary-art-mi0295.html?p=24
,Page_links
0,https://www.sothebys.com/en/auctions/2008/photographs-l08431.html?p=15
,Page_links
0,https://www.sothebys.com/en/auctions/2008/contemporary-art-day-sale-n08490.html?p=35
,Page_links
0,https://www.sothebys.com/en/auctions/2008/european-paintings-including-the-orientalist-sale-symbolism-and-the-poetic-vision-and-spanish-painting-l08103.html?p=23
,Page_links
0,https://www.sothebys.com/en/auctions/2008/contemporary-art-evening-sale-n08489.html?p=6
,Page_links
0,https://www.sothebys.com/en/auctions/2008/the-foster-gwin-collection-n08511.html?p=18
,Page_links
0,https://www.sothebys.com/en/auctions/2008/20th-century-italian-art-l08624.html?p=5
,Page_links
0,https://www.sothebys.com/en/auctions/2008/contemporary-art-day-auction-l08026.html?p=20
,Page_links
0,https://www.sothebys.com/en/auctions/2008/contemporary-art-evening-auction-l08024.html?p=6
,Page_links
0,https://www.sothebys.com/en/auctions/2008/contemporary-chinese-art-hk0278.html?p=16
,Page_links
0,https://www.sothebys.com/en/auctions/2008/modern-and-contemporary-asian-art-evening-sale-hk0292.html?p=4
,Page_links
0,https://www.sothebys.com/en/auctions/2008/old-master-modern-and-contemporary-prints-l08161.html?p=26
,Page_links
0,https://www.sothebys.com/en/auctions/2008/contemporary-art-asia-n08465.html?p=18
,Page_links
0,https://www.sothebys.com/en/auctions/2008/damien-hirst-beautiful-inside-my-head-forever.html?p=14
,Page_links
0,https://www.sothebys.com/en/auctions/2008/damien-hirst-beautiful-inside-my-head-forever-evening-sale-l08027.html?p=5
,Page_links
0,https://www.sothebys.com/en/auctions/2008/contemporary-art-n08463.html?p=34
,Page_links
0,https://www.sothebys.com/en/auctions/2008/impressionist-and-modern-art-pf8008.html?p=23
,Page_links
0,https://www.sothebys.com/en/auctions/2008/contemporary-art-day-sale-l08023.html?p=27
,Page_links
0,https://www.sothebys.com/en/auctions/2008/contemporary-art-evening-auction-l08022.html?p=7
,Page_links
0,https://www.sothebys.com/en/auctions/2008/impressionist-modern-works-on-paper-l08009.html?p=14
,Page_links
0,https://www.sothebys.com/en/auctions/2008/modern-contemporary-art-am1052.html?p=16
,Page_links
0,https://www.sothebys.com/en/auctions/2008/contemporary-art-pf8007.html?p=15
,Page_links
0,https://www.sothebys.com/en/auctions/2008/modern-contemporary-art-mi0291.html?p=29
,Page_links
0,https://www.sothebys.com/en/auctions/2008/contemporary-art-day-auction-n08442.html?p=37
,Page_links
0,https://www.sothebys.com/en/auctions/2008/contemporary-art-evening-auction-n08441.html?p=7
,Page_links
0,https://www.sothebys.com/en/auctions/2008/property-from-the-raymond-and-patsy-nasher-collection-n08488.html?p=11
,Page_links
0,https://www.sothebys.com/en/auctions/2008/contemporary-art-1953-2003-a-private-collection-mi0298.html?p=13
,Page_links
0,https://www.sothebys.com/en/auctions/2008/contemporary-art-n08423.html?p=38
,Page_links
0,https://www.sothebys.com/en/auctions/2008/contemporary-art-asia-n08419.html?p=25
,Page_links
0,https://www.sothebys.com/en/auctions/2008/contemporary-art-day-auction-l08021.html?p=25
,Page_links
0,https://www.sothebys.com/en/auctions/2008/contemporary-art-evening-auction-l08020.html?p=6
,Page_links
0,https://www.sothebys.com/en/auctions/2008/auction-red-n08421.html?p=7
,Page_links
0,https://www.sothebys.com/en/auctions/2007/contemporary-art-sale-pf7019.html?p=13
,Page_links
0,https://www.sothebys.com/en/auctions/2007/contemporary-art-l07713.html?p=19
,Page_links
0,https://www.sothebys.com/en/auctions/2007/modern-and-contemporary-art-am1036.html?p=15
,Page_links
0,https://www.sothebys.com/en/auctions/2007/jewels-for-the-jungle-a-private-collection-of-jewellery-to-benefit-the-world-wide-fund-for-nature-am1035.html?p=15
,Page_links
0,https://www.sothebys.com/en/auctions/2007/modern-contemporary-art-mi0281.html?p=21
,Page_links
0,https://www.sothebys.com/en/auctions/2007/contemporary-art-day-n08364.html?p=34
,Page_links
0,https://www.sothebys.com/en/auctions/2007/contemporary-art-evening-n08363.html?p=6
,Page_links
0,https://www.sothebys.com/en/auctions/2007/20th-century-italian-art-l07624.html?p=5
,Page_links
0,https://www.sothebys.com/en/auctions/2007/contemporary-art-l07026.html?p=21
,Page_links
0,https://www.sothebys.com/en/auctions/2007/contemporary-art-evening-auction-l07024.html?p=6
,Page_links
0,https://www.sothebys.com/en/auctions/2007/contemporary-part-i-and-part-ii-n08339.html?p=39
,Page_links
0,https://www.sothebys.com/en/auctions/2007/paintings-drawings-and-watercolours-am1024.html?p=29
,Page_links
0,https://www.sothebys.com/en/auctions/2007/impressionist-and-modern-art-pf7026.html?p=14
,Page_links
0,https://www.sothebys.com/en/auctions/2007/contemporary-art-day-l07023.html?p=29
,Page_links
0,https://www.sothebys.com/en/auctions/2007/contemporary-evening-l07022.html?p=6
,Page_links
0,https://www.sothebys.com/en/auctions/2007/impressionist-modern-art-day-sale-l07008.html?p=19
,Page_links
0,https://www.sothebys.com/en/auctions/2007/contemporary-art-pf7010.html?p=10
,Page_links
0,https://www.sothebys.com/en/auctions/2007/modern-and-contemporary-art-am1029.html?p=20
,Page_links
0,https://www.sothebys.com/en/auctions/2007/modern-contemporary-art-and-collection-jef-verheyen-and-dani-franque-mi0274.html?p=32
,Page_links
0,https://www.sothebys.com/en/auctions/2007/contemporary-art-day-sale-n08318.html?p=37
,Page_links
0,https://www.sothebys.com/en/auctions/2007/contemporary-art-evening-sale-n08317.html?p=7
,Page_links
0,https://www.sothebys.com/en/auctions/2007/contemporary-art-asia-n08298.html?p=26
,Page_links
0,https://www.sothebys.com/en/auctions/2007/paintings-drawings-and-watercolours-am1023.html?p=35
,Page_links
0,https://www.sothebys.com/en/auctions/2007/contemporary-art-n08294.html?p=31
,Page_links
0,https://www.sothebys.com/en/auctions/2007/contemporary-art-day-sale-morning-and-afternoon-l07021.html?p=26
,Page_links
0,https://www.sothebys.com/en/auctions/2007/contemporary-art-evening-sale-l07020.html?p=7
,Page_links
0,https://www.sothebys.com/en/auctions/2006/the-frits-philips-collection-am1025.html?p=88
,Page_links
0,https://www.sothebys.com/en/auctions/2006/southeast-asian-paintings-sg7022.html?p=17
,Page_links
0,https://www.sothebys.com/en/auctions/2006/from-the-collections-of-a-roman-lady-important-old-master-paintings-furniture-and-works-of-art-mi0265.html?p=27
,Page_links
0,https://www.sothebys.com/en/auctions/2006/contemporary-art-evening-l06022.html?p=6
,Page_links
0,https://www.sothebys.com/en/auctions/2006/gordon-watson-the-end-of-a-chapter-l06756.html?p=40
,Page_links
0,https://www.sothebys.com/en/auctions/2006/contemporary-art-asia-china-japan-korea-n08172.html?p=21
,Page_links
0,https://www.sothebys.com/en/auctions/2006/contemporary-art-n08186.html?p=17
