,Source_page_link
0,https://www.sothebys.com/en/results?from=&to=&f2=00000164-609b-d1db-a5e6-e9ff01230000&q=

,Source_page_link
0,https://www.sothebys.com/en/results?from=&to=&f2=00000164-609b-d1db-a5e6-e9ff01230000&q=&p=2
,Source_page_link
0,https://www.sothebys.com/en/results?from=&to=&f2=00000164-609b-d1db-a5e6-e9ff01230000&q=&p=3
,Source_page_link
0,https://www.sothebys.com/en/results?from=&to=&f2=00000164-609b-d1db-a5e6-e9ff01230000&q=&p=4
,Source_page_link
0,https://www.sothebys.com/en/results?from=&to=&f2=00000164-609b-d1db-a5e6-e9ff01230000&q=&p=5
,Source_page_link
0,https://www.sothebys.com/en/results?from=&to=&f2=00000164-609b-d1db-a5e6-e9ff01230000&q=&p=6
,Source_page_link
0,https://www.sothebys.com/en/results?from=&to=&f2=00000164-609b-d1db-a5e6-e9ff01230000&q=&p=7
,Source_page_link
0,https://www.sothebys.com/en/results?from=&to=&f2=00000164-609b-d1db-a5e6-e9ff01230000&q=&p=8
,Source_page_link
0,https://www.sothebys.com/en/results?from=&to=&f2=00000164-609b-d1db-a5e6-e9ff01230000&q=&p=9
,Source_page_link
0,https://www.sothebys.com/en/results?from=&to=&f2=00000164-609b-d1db-a5e6-e9ff01230000&q=&p=10
,Source_page_link
0,https://www.sothebys.com/en/results?from=&to=&f2=00000164-609b-d1db-a5e6-e9ff01230000&q=&p=11
,Source_page_link
0,https://www.sothebys.com/en/results?from=&to=&f2=00000164-609b-d1db-a5e6-e9ff01230000&q=&p=12
,Source_page_link
0,https://www.sothebys.com/en/results?from=&to=&f2=00000164-609b-d1db-a5e6-e9ff01230000&q=&p=13
,Source_page_link
0,https://www.sothebys.com/en/results?from=&to=&f2=00000164-609b-d1db-a5e6-e9ff01230000&q=&p=14
,Source_page_link
0,https://www.sothebys.com/en/results?from=&to=&f2=00000164-609b-d1db-a5e6-e9ff01230000&q=&p=15
,Source_page_link
0,https://www.sothebys.com/en/results?from=&to=&f2=00000164-609b-d1db-a5e6-e9ff01230000&q=&p=16
,Source_page_link
0,https://www.sothebys.com/en/results?from=&to=&f2=00000164-609b-d1db-a5e6-e9ff01230000&q=&p=17
,Source_page_link
0,https://www.sothebys.com/en/results?from=&to=&f2=00000164-609b-d1db-a5e6-e9ff01230000&q=&p=18
,Source_page_link
0,https://www.sothebys.com/en/results?from=&to=&f2=00000164-609b-d1db-a5e6-e9ff01230000&q=&p=19
,Source_page_link
0,https://www.sothebys.com/en/results?from=&to=&f2=00000164-609b-d1db-a5e6-e9ff01230000&q=&p=20
,Source_page_link
0,https://www.sothebys.com/en/results?from=&to=&f2=00000164-609b-d1db-a5e6-e9ff01230000&q=&p=21
,Source_page_link
0,https://www.sothebys.com/en/results?from=&to=&f2=00000164-609b-d1db-a5e6-e9ff01230000&q=&p=22
,Source_page_link
0,https://www.sothebys.com/en/results?from=&to=&f2=00000164-609b-d1db-a5e6-e9ff01230000&q=&p=23
,Source_page_link
0,https://www.sothebys.com/en/results?from=&to=&f2=00000164-609b-d1db-a5e6-e9ff01230000&q=&p=24
,Source_page_link
0,https://www.sothebys.com/en/results?from=&to=&f2=00000164-609b-d1db-a5e6-e9ff01230000&q=&p=25
,Source_page_link
0,https://www.sothebys.com/en/results?from=&to=&f2=00000164-609b-d1db-a5e6-e9ff01230000&q=&p=26
,Source_page_link
0,https://www.sothebys.com/en/results?from=&to=&f2=00000164-609b-d1db-a5e6-e9ff01230000&q=&p=27
,Source_page_link
0,https://www.sothebys.com/en/results?from=&to=&f2=00000164-609b-d1db-a5e6-e9ff01230000&q=&p=28
,Source_page_link
0,https://www.sothebys.com/en/results?from=&to=&f2=00000164-609b-d1db-a5e6-e9ff01230000&q=&p=29
,Source_page_link
0,https://www.sothebys.com/en/results?from=&to=&f2=00000164-609b-d1db-a5e6-e9ff01230000&q=&p=30
,Source_page_link
0,https://www.sothebys.com/en/results?from=&to=&f2=00000164-609b-d1db-a5e6-e9ff01230000&q=&p=31
,Source_page_link
0,https://www.sothebys.com/en/results?from=&to=&f2=00000164-609b-d1db-a5e6-e9ff01230000&q=&p=32
,Source_page_link
0,https://www.sothebys.com/en/results?from=&to=&f2=00000164-609b-d1db-a5e6-e9ff01230000&q=&p=33
,Source_page_link
0,https://www.sothebys.com/en/results?from=&to=&f2=00000164-609b-d1db-a5e6-e9ff01230000&q=&p=34
,Source_page_link
0,https://www.sothebys.com/en/results?from=&to=&f2=00000164-609b-d1db-a5e6-e9ff01230000&q=&p=35
,Source_page_link
0,https://www.sothebys.com/en/results?from=&to=&f2=00000164-609b-d1db-a5e6-e9ff01230000&q=&p=36
,Source_page_link
0,https://www.sothebys.com/en/results?from=&to=&f2=00000164-609b-d1db-a5e6-e9ff01230000&q=&p=37
,Source_page_link
0,https://www.sothebys.com/en/results?from=&to=&f2=00000164-609b-d1db-a5e6-e9ff01230000&q=&p=38
,Source_page_link
0,https://www.sothebys.com/en/results?from=&to=&f2=00000164-609b-d1db-a5e6-e9ff01230000&q=&p=39
,Source_page_link
0,https://www.sothebys.com/en/results?from=&to=&f2=00000164-609b-d1db-a5e6-e9ff01230000&q=&p=40
,Source_page_link
0,https://www.sothebys.com/en/results?from=&to=&f2=00000164-609b-d1db-a5e6-e9ff01230000&q=&p=41
,Source_page_link
0,https://www.sothebys.com/en/results?from=&to=&f2=00000164-609b-d1db-a5e6-e9ff01230000&q=&p=42
,Source_page_link
0,https://www.sothebys.com/en/results?from=&to=&f2=00000164-609b-d1db-a5e6-e9ff01230000&q=&p=43
,Source_page_link
0,https://www.sothebys.com/en/results?from=&to=&f2=00000164-609b-d1db-a5e6-e9ff01230000&q=&p=44
,Source_page_link
0,https://www.sothebys.com/en/results?from=&to=&f2=00000164-609b-d1db-a5e6-e9ff01230000&q=&p=45
,Source_page_link
0,https://www.sothebys.com/en/results?from=&to=&f2=00000164-609b-d1db-a5e6-e9ff01230000&q=&p=46
,Source_page_link
0,https://www.sothebys.com/en/results?from=&to=&f2=00000164-609b-d1db-a5e6-e9ff01230000&q=&p=47
,Source_page_link
0,https://www.sothebys.com/en/results?from=&to=&f2=00000164-609b-d1db-a5e6-e9ff01230000&q=&p=48
,Source_page_link
0,https://www.sothebys.com/en/results?from=&to=&f2=00000164-609b-d1db-a5e6-e9ff01230000&q=&p=49
,Source_page_link
0,https://www.sothebys.com/en/results?from=&to=&f2=00000164-609b-d1db-a5e6-e9ff01230000&q=&p=48
